
insert into LoaiSanPham values('LSP001',N'Thời Trang Nữ')
insert into LoaiSanPham values('LSP002',N'Thời Trang Nam')
insert into LoaiSanPham values('LSP003',N'Sức Khỏe-Làm Đẹp')
insert into LoaiSanPham values('LSP004',N'Giày Dép-Túi Xách')
insert into LoaiSanPham values('LSP005',N'Đồng Hồ - Trang Sức')
insert into LoaiSanPham values('LSP006',N'Điện Thoại - LapTop ')
insert into LoaiSanPham values('LSP007',N'Phụ Kiện Công Nghệ')
insert into LoaiSanPham values('LSP008',N'Điện Gia Dụng - Điện Máy')
insert into LoaiSanPham values('LSP009',N'Nhà Cửa -Tân Trang Nhà')
insert into LoaiSanPham values('LSP0010',N'Tivi-Camera-Âm Thanh')
insert into LoaiSanPham values('LSP0011',N'Đời Sống-Sách-VPP')
insert into LoaiSanPham values('LSP0012',N'Bách Hóa-Thú Cưng')
insert into LoaiSanPham values('LSP0013',N'Mẹ & Bé- Đồ Chơi')
insert into LoaiSanPham values('LSP0014',N'Tiện Ích')
insert into LoaiSanPham values('LSP0015',N'Vay Tiền Mặt')
insert into LoaiSanPham values('LSP0016',N'Vé Máy Bay- Tour-Dịch Vụ')
insert into LoaiSanPham values('LSP0017',N'Ô Tô-Xe Máy-Xe Đạp')
insert into LoaiSanPham values('LSP0018',N'Thể Thao-Dã Ngoại')
--------------------------------------------------kahfiudhism
insert into ChiTietLoaiSanPham values('CTL001','LSP001',N'Đầm,Váy')
insert into ChiTietLoaiSanPham values('CTL002','LSP001',N'Áo Nữ')
insert into ChiTietLoaiSanPham values('CTL003','LSP001',N'Áo Khoác Nữ')
insert into ChiTietLoaiSanPham values('CTL004','LSP001',N'Quần Nữ')
insert into ChiTietLoaiSanPham values('CTL005','LSP001',N'Set Bộ Jumpsuit')
insert into ChiTietLoaiSanPham values('CTL006','LSP001',N'Chân Váy')
insert into ChiTietLoaiSanPham values('CTL007','LSP001',N'Đồ Bơi,Đồ Đi Biển')
insert into ChiTietLoaiSanPham values('CTL008','LSP001',N'Đồ mặc ở  Nhà,Đi Ngủ')
insert into ChiTietLoaiSanPham values('CTL009','LSP001',N'Đồ Lót Nữ')
insert into ChiTietLoaiSanPham values('CTL0010','LSP001',N'Quần Áo Thể Thao Nữ')
insert into ChiTietLoaiSanPham values('CTL0011','LSP001',N'Đồ Đôi Nam,Nữ')
insert into ChiTietLoaiSanPham values('CTL0012','LSP001',N'Váy May Mặc')
insert into ChiTietLoaiSanPham values('CTL0013','LSP001',N'Phụ Kiện Thời Trang')
insert into ChiTietLoaiSanPham values('CTL0014','LSP001',N'Phụ Kiện Tóc Nữ')
insert into ChiTietLoaiSanPham values('CTL0015','LSP001',N'Nón')


insert into ChiTietLoaiSanPham values('CTL0016','LSP002',N'Áo Sơ Mi Nam')
insert into ChiTietLoaiSanPham values('CTL0017','LSP002',N'Áo Khoác Nam')
insert into ChiTietLoaiSanPham values('CTL0018','LSP002',N'Quần jeas Nam')
insert into ChiTietLoaiSanPham values('CTL0019','LSP002',N'Quần Short Nam')
insert into ChiTietLoaiSanPham values('CTL0020','LSP002',N'Quân Áo Big Size Nam')
insert into ChiTietLoaiSanPham values('CTL0021','LSP002',N'Đồ Lót Và Đồ Ngủ Nam')
insert into ChiTietLoaiSanPham values('CTL0022','LSP002',N'Áo Thun , Áo PoLo')
insert into ChiTietLoaiSanPham values('CTL0023','LSP002',N'Quần Dài Nam')
insert into ChiTietLoaiSanPham values('CTL0024','LSP002',N'Quần Áo Thể Thao')
insert into ChiTietLoaiSanPham values('CTL0025','LSP002',N'Phụ Kiện Thời Trang')

insert into ChiTietLoaiSanPham values('CTL0026','LSP003',N'Dưỡng Da Mặt')
insert into ChiTietLoaiSanPham values('CTL0027','LSP003',N'Làm Sạch Da Mặt')
insert into ChiTietLoaiSanPham values('CTL0028','LSP003',N'Mặt Nạ Dưỡng Da')
insert into ChiTietLoaiSanPham values('CTL0029','LSP003',N'Chăm Sóc Sức Khỏe ')
insert into ChiTietLoaiSanPham values('CTL0030','LSP003',N'Nước Hoa')
insert into ChiTietLoaiSanPham values('CTL0031','LSP003',N'Trang Điểm Môi')
insert into ChiTietLoaiSanPham values('CTL0032','LSP003',N'Trang Điểm Mắt')
insert into ChiTietLoaiSanPham values('CTL0033','LSP003',N'Dụng Cụ Trang Điểm')
insert into ChiTietLoaiSanPham values('CTL0034','LSP003',N'Chăm Sóc Cơ Thể')
insert into ChiTietLoaiSanPham values('CTL0035','LSP003',N'Chăm Sóc Tóc')
insert into ChiTietLoaiSanPham values('CTL0036','LSP003',N'Thiết Bị Massage')


insert into ChiTietLoaiSanPham values('CTL0037','LSP004',N'Giày Cao Gót Nữ')
insert into ChiTietLoaiSanPham values('CTL0038','LSP004',N'Giày Sneaker Nữ')
insert into ChiTietLoaiSanPham values('CTL0039','LSP004',N'Giày Lười')
insert into ChiTietLoaiSanPham values('CTL0040','LSP004',N'Giày Sandal Nữ')
insert into ChiTietLoaiSanPham values('CTL0041','LSP004',N'Dép Nữ ')
insert into ChiTietLoaiSanPham values('CTL0042','LSP004',N'Ví ,Bóp')
insert into ChiTietLoaiSanPham values('CTL0043','LSP004',N'Túi Xách')
insert into ChiTietLoaiSanPham values('CTL0044','LSP004',N'Giày Sneaker Nam')
insert into ChiTietLoaiSanPham values('CTL0045','LSP004',N'Giày Tây')
insert into ChiTietLoaiSanPham values('CTL0046','LSP004',N'Giày Lười ')
insert into ChiTietLoaiSanPham values('CTL0047','LSP004',N'Giày Tăng Chiều Cao')
insert into ChiTietLoaiSanPham values('CTL0048','LSP004',N'Dép Nam')
insert into ChiTietLoaiSanPham values('CTL0049','LSP004',N'Giày Boot Nam')
insert into ChiTietLoaiSanPham values('CTL0050','LSP004',N'Ví , Bóp Nam')
insert into ChiTietLoaiSanPham values('CTL0051','LSP004',N'Túi Xách Nam')
insert into ChiTietLoaiSanPham values('CTL0052','LSP004',N'Giày Thể Thao')
insert into ChiTietLoaiSanPham values('CTL0053','LSP004',N'BaLo')
insert into ChiTietLoaiSanPham values('CTL0054','LSP004',N'VaLi')
insert into ChiTietLoaiSanPham values('CTL0055','LSP004',N'Túi LapTop')




insert into ChiTietLoaiSanPham values('CTL0056','LSP005',N'Đồng Hồ Nam')
insert into ChiTietLoaiSanPham values('CTL0057','LSP005',N'Đồng Hồ Nữ')
insert into ChiTietLoaiSanPham values('CTL0058','LSP005',N'Đông Hồ Đôi')
insert into ChiTietLoaiSanPham values('CTL0059','LSP005',N'Đông Hồ Trẻ Em')
insert into ChiTietLoaiSanPham values('CTL0060','LSP005',N'Phụ Kiện')
insert into ChiTietLoaiSanPham values('CTL0061','LSP005',N'Trang Sức Phong Thủy')
insert into ChiTietLoaiSanPham values('CTL0062','LSP005',N'Vòng Lắc Tay')
insert into ChiTietLoaiSanPham values('CTL0063','LSP005',N'Dây Chuyền')
insert into ChiTietLoaiSanPham values('CTL0064','LSP005',N'Nhẫn')
insert into ChiTietLoaiSanPham values('CTL0065','LSP005',N'Bông Tai')
insert into ChiTietLoaiSanPham values('CTL0066','LSP005',N'Bộ Trang Sức ')
insert into ChiTietLoaiSanPham values('CTL0067','LSP005',N'Trang Sứ Cặp Đôi')
insert into ChiTietLoaiSanPham values('CTL0068','LSP005',N'Bông Tai Khuyên Tai')
insert into ChiTietLoaiSanPham values('CTL0069','LSP005',N'Vòng Cổ')



insert into ChiTietLoaiSanPham values('CTL0070','LSP006',N'Điện Thoại Mới')
insert into ChiTietLoaiSanPham values('CTL0071','LSP006',N'Máy Tính Bảng Mới')
insert into ChiTietLoaiSanPham values('CTL0072','LSP006',N'Thương Hiệu Nổi Bật')
insert into ChiTietLoaiSanPham values('CTL0073','LSP006',N'Điện Thoại Cũ')
insert into ChiTietLoaiSanPham values('CTL0074','LSP006',N'Máy Tính Bảng Cũ')
insert into ChiTietLoaiSanPham values('CTL0075','LSP006',N'LapTop Mới')
insert into ChiTietLoaiSanPham values('CTL0076','LSP006',N'LapTop Cũ')
insert into ChiTietLoaiSanPham values('CTL0077','LSP006',N'Xu Hướng')
insert into ChiTietLoaiSanPham values('CTL0078','LSP006',N'Máy Tính Để Bàn')
insert into ChiTietLoaiSanPham values('CTL0079','LSP006',N'Linh Kiện Máy Tính LapTop')
insert into ChiTietLoaiSanPham values('CTL0080','LSP006',N'Chuột Bàn Phím')
insert into ChiTietLoaiSanPham values('CTL0081','LSP006',N'Máy In & Phụ Kiện')
insert into ChiTietLoaiSanPham values('CTL0082','LSP006',N'Máy Chiếu & Phụ Kiện')
insert into ChiTietLoaiSanPham values('CTL0083','LSP006',N'Phụ Kiện Máy Tính LapTop')
insert into ChiTietLoaiSanPham values('CTL0084','LSP006',N'Phần Mềm Máy Tính')


insert into ChiTietLoaiSanPham values('CTL0085','LSP007',N'Ốp Lưng ĐIện Thoại,Tablet')
insert into ChiTietLoaiSanPham values('CTL0086','LSP007',N'Thiết Bị Mạng')
insert into ChiTietLoaiSanPham values('CTL0087','LSP007',N'Thiết Bị Đeo')
insert into ChiTietLoaiSanPham values('CTL0088','LSP007',N'Phụ Kiện Điện Thoại,Tablet')
insert into ChiTietLoaiSanPham values('CTL0089','LSP007',N'Sạc Điện Thoại,Tablet')
insert into ChiTietLoaiSanPham values('CTL0090','LSP007',N'Thiết Bị Lưu')
insert into ChiTietLoaiSanPham values('CTL0091','LSP007',N'Cáp Sạc,Cap Kết Nối')
insert into ChiTietLoaiSanPham values('CTL0092','LSP007',N'Sim Card')
insert into ChiTietLoaiSanPham values('CTL0093','LSP007',N'Linh Kiện Điện Thoại,Tablet')



insert into ChiTietLoaiSanPham values('CTL0094','LSP008',N'Máy Xay,Máy Ép')
insert into ChiTietLoaiSanPham values('CTL0095','LSP008',N'Quạt')
insert into ChiTietLoaiSanPham values('CTL0096','LSP008',N'Thiết Bị Điện Nhà Bếp')
insert into ChiTietLoaiSanPham values('CTL0097','LSP008',N'Lò Nướng')
insert into ChiTietLoaiSanPham values('CTL0098','LSP008',N'Máy Hút Bụi ')
insert into ChiTietLoaiSanPham values('CTL0099','LSP008',N'Máy Lọc Điều Hòa,Không Khí')
insert into ChiTietLoaiSanPham values('CTL0100','LSP008',N'Máy Nước Nóng')
insert into ChiTietLoaiSanPham values('CTL0101','LSP008',N'Nồi Cơm Điện')
insert into ChiTietLoaiSanPham values('CTL0102','LSP008',N'Bếp Điện')
insert into ChiTietLoaiSanPham values('CTL0103','LSP008',N'Thiết Bị Chăm Sóc Quần Áo')
insert into ChiTietLoaiSanPham values('CTL0104','LSP008',N'Tủ Lạnh,Tủ Đông')
insert into ChiTietLoaiSanPham values('CTL0105','LSP008',N'Máy Giặt,Máy Sấy')
insert into ChiTietLoaiSanPham values('CTL0106','LSP008',N'Máy Lạnh , ĐIều Hòa')


insert into ChiTietLoaiSanPham values('CTL0107','LSP009',N'Đồ Dùng Sinh Hoạt')
insert into ChiTietLoaiSanPham values('CTL0108','LSP009',N'Vệ Sinh Chăm Sóc Nhà Cửa')
insert into ChiTietLoaiSanPham values('CTL0109','LSP009',N'Máy Cơ Khí Và Chế Tạo')
insert into ChiTietLoaiSanPham values('CTL0110','LSP009',N'Phụ Kiện Máy Cơ Khí Và Chế Tạo')
insert into ChiTietLoaiSanPham values('CTL0111','LSP009',N'ĐỒ Dùng Nấu Bếp')
insert into ChiTietLoaiSanPham values('CTL0112','LSP009',N'Nội Thất Phòng Khách')
insert into ChiTietLoaiSanPham values('CTL0113','LSP009',N'Nội Thất Phòng Làm Việc')
insert into ChiTietLoaiSanPham values('CTL0114','LSP009',N'Vật Dụng Cầm Tay')
insert into ChiTietLoaiSanPham values('CTL0115','LSP009',N'Các Loại Đèn')
insert into ChiTietLoaiSanPham values('CTL0116','LSP009',N'Phụ Kiện Bóng Đèn')
insert into ChiTietLoaiSanPham values('CTL0117','LSP009',N'Thiết Bị Điện Và Phụ Kiện')
insert into ChiTietLoaiSanPham values('CTL0118','LSP009',N'Đồ Dùng Phòng Ngủ ')
insert into ChiTietLoaiSanPham values('CTL0119','LSP009',N'Đồ Dùng Phòng Tắm')
insert into ChiTietLoaiSanPham values('CTL0120','LSP009',N'Nội Thất Phòng Trẻ Em')
insert into ChiTietLoaiSanPham values('CTL0121','LSP009',N'Nội Thất Phòng Ngủ')
insert into ChiTietLoaiSanPham values('CTL0122','LSP009',N'Dụng Cụ Làm Vườn')
insert into ChiTietLoaiSanPham values('CTL0123','LSP009',N'Thiết Bị Đo Lường')
insert into ChiTietLoaiSanPham values('CTL0124','LSP009',N'Thiết Bị Nước ')
insert into ChiTietLoaiSanPham values('CTL0125','LSP009',N'Thiết Bị An Ninh')
insert into ChiTietLoaiSanPham values('CTL0126','LSP009',N'Dụng Cụ Xây Dựng')


insert into ChiTietLoaiSanPham values('CTL0127','LSP0010',N'TiVi')
insert into ChiTietLoaiSanPham values('CTL0128','LSP0010',N'Thiết Bị Nổi Bật')
insert into ChiTietLoaiSanPham values('CTL0129','LSP0010',N'THiết Bị Chơi Game')
insert into ChiTietLoaiSanPham values('CTL0130','LSP0010',N'Phụ Kiện Tivi')
insert into ChiTietLoaiSanPham values('CTL0131','LSP0010',N'Loa')
insert into ChiTietLoaiSanPham values('CTL0132','LSP0010',N'Phụ Kiện Âm Thanh')
insert into ChiTietLoaiSanPham values('CTL0133','LSP0010',N'Tai Nghe')
insert into ChiTietLoaiSanPham values('CTL0134','LSP0010',N'Thiết Bị Giải Trí ,Caraoke')
insert into ChiTietLoaiSanPham values('CTL0135','LSP0010',N'Máy Quay , Thiết Bị Ghi Hình')
insert into ChiTietLoaiSanPham values('CTL0136','LSP0010',N'Máy Ảnh')
insert into ChiTietLoaiSanPham values('CTL0137','LSP0010',N'Phụ Kiện Máy Ảnh')


insert into ChiTietLoaiSanPham values('CTL0138','LSP0011',N'Trang Trí Nhà Cửa')
insert into ChiTietLoaiSanPham values('CTL0139','LSP0011',N'Trang Trí Bàn')
insert into ChiTietLoaiSanPham values('CTL0140','LSP0011',N'Nguyên Vật Liệu Đồ Handmade')
insert into ChiTietLoaiSanPham values('CTL0141','LSP0011',N'Dụng Cụ Làm Đồ Handmade')
insert into ChiTietLoaiSanPham values('CTL0142','LSP0011',N'Quà Tặng Hàng Thủ Công')
insert into ChiTietLoaiSanPham values('CTL0143','LSP0011',N'Sản Phẩm Thơm Phòng')
insert into ChiTietLoaiSanPham values('CTL0144','LSP0011',N'Hoa,Cây Cảnh')
insert into ChiTietLoaiSanPham values('CTL0145','LSP0011',N'Trang Trí Tiệc,Sự Kiện')
insert into ChiTietLoaiSanPham values('CTL0146','LSP0011',N'Trang Trí Cửa Sổ')
insert into ChiTietLoaiSanPham values('CTL0147','LSP0011',N'Vật Phẩm Phong Thủy ')
insert into ChiTietLoaiSanPham values('CTL0148','LSP0011',N'Tượng Phật')
insert into ChiTietLoaiSanPham values('CTL0149','LSP0011',N'Linh Vật Phong Thủy')
insert into ChiTietLoaiSanPham values('CTL0150','LSP0011',N'Đá Phong Thủy')
insert into ChiTietLoaiSanPham values('CTL0151','LSP0011',N'Tranh Phong Thủy')
insert into ChiTietLoaiSanPham values('CTL0152','LSP0011',N'Phong Thủy Trang Trí')
insert into ChiTietLoaiSanPham values('CTL0153','LSP0011',N'Đồ Thời Cúng')
insert into ChiTietLoaiSanPham values('CTL0154','LSP0011',N'Trang Sức Phong Thủy')
insert into ChiTietLoaiSanPham values('CTL0155','LSP0011',N'Văn Phòng Thẩm')
insert into ChiTietLoaiSanPham values('CTL0156','LSP0011',N'Dụng Cụ Mỹ Thuật ')
insert into ChiTietLoaiSanPham values('CTL0157','LSP0011',N'Sách Thường Thức')
insert into ChiTietLoaiSanPham values('CTL0158','LSP0011',N'Sách Văn Học')
go
delete from LoaiSanPham where MaLoai not in (select MaLoai from ChiTietLoaiSanPham)
go
insert into Tinh_ThanhPho values('t1',N'Bến Tre')
insert into Quan_Huyen values('q1','t1',N'Mỏ Cày Bắc')
insert into Xa_Phuong values('x1','q1',N'Tân Thành Bình')

insert into Tinh_ThanhPho values('t2',N'HCM')
insert into Quan_Huyen values('q2','t1',N'Mỏ Cày Nam')
insert into Quan_Huyen values('q3','t2',N'Gò vấp')


insert into Xa_Phuong values('x4','q2',N'tân Phú Tây')

insert into Xa_Phuong values('x5','q3',N'tân Phú Tây')

insert into Xa_Phuong values('x6','q2',N'giòng trôm')
insert into Xa_Phuong values('x2','q1',N'Lê trọng tấn')
insert into Xa_Phuong values('x3','q1',N'Tân Phú Tây')